{
    "name": "8x super slow motion",
    "description": "Apply 8x (800%) super slow motion to video footage",
    "author": "Topaz Labs",
    "date": "Tue Oct 18 17:58:45 2022 GMT-0500",
    "veaiversion": "3.0",
    "editable": false,
    "enabled": true,
    "settings": {
        "correction pre": {
            "active": true
        },
        "trim": {
            "active": true
        },
        "deinterlace": {
            "active": true
        },
        "crop": {
            "active": true
        },
        "stabilize": {
            "active": false,
            "smooth": 50,
            "method": "1",
            "rsc": false,
            "reduceMotion": false,
            "reduceMotionIteration": 2
        },
        "slowmo": {
            "active": true,
            "factor": 8,
            "model": "apo-4"
        },
        "enhance": {
            "active": false,
            "model": "proteus",
            "gaia": "ghq-5",
            "artemis": "ahq-12",
            "theia": "thf-4",
            "auto": "a",
            "compress": 0,
            "detail": 0,
            "denoise": 0,
            "sharpen": 0,
            "dehalo": 0,
            "deblur": 0,
            "addNoise": 0,
            "videoType": "p"
        },
        "grain": {
            "active": false,
            "grain": 0
        },
        "output": {
            "active": true,
            "outFPS": 0,
            "outSizeMethod": "100",
            "width": "0",
            "height": "0",
            "scale": "0",
            "cropToFit": false,
            "resetSAR": false
        },
        "correction post": {
            "active": true
        }
    }
}