{
    "name": "Upscale to 4K and convert to 60 fps",
    "description": "Upscale video footage to 4K resolution and convert to 60 fps.",
    "author": "Topaz Labs",
    "date": "Tue Oct 18 17:39:57 2022 GMT-0500",
    "veaiversion": "3.0",
    "editable": false,
    "enabled": true,
    "settings": {
        "correction pre": {
            "active": true
        },
        "trim": {
            "active": true
        },
        "deinterlace": {
            "active": true
        },
        "crop": {
            "active": true
        },
        "stabilize": {
            "active": false,
            "smooth": 50,
            "method": "1",
            "rsc": false,
            "reduceMotion": false,
            "reduceMotionIteration": 2
        },
        "slowmo": {
            "active": true,
            "factor": 1,
            "model": "chf-3"
        },
        "enhance": {
            "active": true,
            "model": "proteus",
            "gaia": "ghq-5",
            "artemis": "ahq-12",
            "theia": "thf-4",
            "auto": "a",
            "compress": 0,
            "detail": 0,
            "denoise": 0,
            "sharpen": 0,
            "dehalo": 0,
            "deblur": 0,
            "addNoise": 0,
            "videoType": "p"
        },
        "grain": {
            "active": false,
            "grain": 0
        },
        "output": {
            "active": true,
            "outFPS": 60,
            "outSizeMethod": "uhd",
            "width": "3840",
            "height": "2160",
            "scale": "200",
            "cropToFit": false,
            "resetSAR": false
        },
        "correction post": {
            "active": true
        }
    }
}