{"imagePath":"longhudou_vsdonghua_tex.png","SubTexture":[{"width":342,"y":769,"height":265,"name":"humohu","x":341},{"width":517,"y":1,"height":490,"name":"laohu1","x":1},{"width":288,"y":954,"height":236,"name":"longmohu","x":1751},{"width":549,"y":1,"height":442,"name":"long2","x":520},{"width":278,"y":1,"height":283,"name":"huoyanshanguang0005","x":1761},{"width":348,"y":1,"height":348,"name":"S1","x":1071},{"width":145,"y":933,"height":80,"name":"huoyan/huoyan0001","x":685},{"width":145,"y":527,"height":80,"name":"huoyan/huoyan0009","x":860},{"width":145,"y":493,"height":80,"name":"huoyan/huoyan0013","x":341},{"width":145,"y":657,"height":80,"name":"huoyan/huoyan0002","x":341},{"width":145,"y":1079,"height":80,"name":"huoyan/huoyan0004","x":1200},{"width":145,"y":1183,"height":80,"name":"huoyan/huoyan0007","x":1},{"width":145,"y":769,"height":80,"name":"huoyan/huoyan0003","x":685},{"width":145,"y":1161,"height":80,"name":"huoyan/huoyan0011","x":1200},{"width":145,"y":1243,"height":80,"name":"huoyan/huoyan0016","x":1200},{"width":145,"y":1158,"height":80,"name":"huoyan/huoyan0012","x":567},{"width":145,"y":1158,"height":80,"name":"huoyan/huoyan0010","x":420},{"width":145,"y":1158,"height":80,"name":"huoyan/huoyan0015","x":273},{"width":145,"y":997,"height":80,"name":"huoyan/huoyan0006","x":1200},{"width":145,"y":575,"height":80,"name":"huoyan/huoyan0008","x":341},{"width":145,"y":445,"height":80,"name":"huoyan/huoyan0005","x":860},{"width":145,"y":851,"height":80,"name":"huoyan/huoyan0014","x":685},{"width":286,"y":649,"height":303,"name":"S","x":1751},{"width":246,"y":286,"height":318,"name":"v1","x":1761},{"width":181,"y":675,"height":320,"name":"V","x":1200},{"width":338,"y":999,"height":322,"name":"zhongjianbaozha/baokai0007","x":860},{"width":338,"y":649,"height":322,"name":"zhongjianbaozha/baokai0006","x":1411},{"width":338,"y":1,"height":322,"name":"zhongjianbaozha/baokai0003","x":1421},{"width":338,"y":675,"height":322,"name":"zhongjianbaozha/baokai0008","x":860},{"width":338,"y":351,"height":322,"name":"zhongjianbaozha/baokai0002","x":1071},{"width":338,"y":325,"height":322,"name":"zhongjianbaozha/baokai0001","x":1421},{"width":338,"y":493,"height":322,"name":"zhongjianbaozha/baokai0004","x":1},{"width":338,"y":445,"height":322,"name":"zhongjianbaozha/baokai0005","x":520},{"width":270,"y":1217,"height":120,"name":"xiaoshandian/xiaoshandian0013","x":1383},{"width":270,"y":1314,"height":120,"name":"xiaoshandian/xiaoshandian0019","x":1655},{"width":270,"y":1192,"height":120,"name":"xiaoshandian/xiaoshandian0010","x":1655},{"width":270,"y":1036,"height":120,"name":"xiaoshandian/xiaoshandian0004","x":273},{"width":270,"y":973,"height":120,"name":"xiaoshandian/xiaoshandian0007","x":1383},{"width":270,"y":1339,"height":120,"name":"xiaoshandian/xiaoshandian0009","x":1383},{"width":270,"y":1095,"height":120,"name":"xiaoshandian/xiaoshandian0003","x":1383},{"width":270,"y":1036,"height":120,"name":"xiaoshandian/xiaoshandian0017","x":545},{"width":270,"y":939,"height":120,"name":"xiaoshandian/xiaoshandian0011","x":1},{"width":270,"y":817,"height":120,"name":"xiaoshandian/xiaoshandian0001","x":1},{"width":270,"y":1436,"height":120,"name":"xiaoshandian/xiaoshandian0015","x":1655},{"width":270,"y":1061,"height":120,"name":"xiaoshandian/xiaoshandian0008","x":1}],"name":"longhudou_vsdonghua"}