{"frameRate":60,"armature":[{"type":"Armature","ik":[],"slot":[{"color":{},"name":"humohu","parent":"humohu"},{"z":1,"color":{},"name":"hu","parent":"hu"},{"z":2,"color":{},"name":"longmohu","parent":"longmohu"},{"z":3,"color":{},"name":"long","parent":"long"},{"z":4,"color":{},"name":"Layer28","parent":"Layer28"},{"z":5,"color":{},"name":"sdi","parent":"sdi"},{"z":6,"color":{},"name":"huo_Copy37","parent":"huo_Copy37"},{"z":7,"color":{},"name":"huo_Copy36","parent":"huo_Copy36"},{"z":8,"color":{},"name":"huo_Copy35","parent":"huo_Copy35"},{"z":9,"color":{},"name":"huo_Copy34","parent":"huo_Copy34"},{"z":10,"color":{},"name":"s","parent":"s"},{"z":11,"color":{},"name":"vdi","parent":"vdi"},{"z":12,"color":{},"name":"huo","parent":"huo"},{"z":13,"color":{},"name":"huo_Copy33","parent":"huo_Copy33"},{"z":14,"color":{},"name":"v","parent":"v"},{"z":15,"color":{},"name":"Layer27","parent":"Layer27"},{"z":16,"color":{},"name":"Layer27_Copy38","parent":"Layer27_Copy38"},{"z":17,"color":{},"name":"Layer29","parent":"Layer29"}],"bone":[{"name":"root","transform":{}},{"transform":{"y":-46.0734,"x":40.0497,"skX":-89.0371,"scY":1.16,"skY":-89.0371,"scX":1.78},"name":"huo_Copy34","parent":"root"},{"transform":{"y":238.8982,"x":188.9285,"skX":-65.6276,"skY":-65.6276},"name":"hu","parent":"root"},{"transform":{"y":76.7595,"x":-987.8657,"skX":-94.3087,"skY":-94.3087},"name":"longmohu","parent":"root"},{"transform":{"y":45.8981,"x":-302.0718,"skX":-42.0288,"skY":-42.0288},"name":"long","parent":"root"},{"transform":{"y":15.2999,"x":-15.1155,"scY":2,"scX":2},"name":"Layer28","parent":"root"},{"transform":{"y":132.398,"x":9.9284,"skX":-77.9052,"skY":-77.9052},"name":"s","parent":"root"},{"transform":{"y":127.9266,"x":-46.4502,"skX":-89.0371,"scY":0.8,"skY":-89.0371,"scX":1.78},"name":"huo_Copy37","parent":"root"},{"transform":{"y":78.6766,"x":32.0497,"skX":-89.0371,"scY":1.64,"skY":-89.0371,"scX":1.64},"name":"huo_Copy36","parent":"root"},{"transform":{"y":-24.8234,"x":-4.2003,"skX":-108.2613,"scY":1.18,"skY":-108.2613,"scX":1.83},"name":"huo_Copy35","parent":"root"},{"transform":{"y":268.7594,"x":1038.1346,"skX":-63.435,"skY":-63.435},"name":"humohu","parent":"root"},{"transform":{"y":27.9665,"x":-7.949,"scY":2,"scX":2},"name":"Layer27_Copy38","parent":"root"},{"transform":{"y":17.9071,"x":-12.5002,"scY":2,"scX":2},"name":"Layer29","parent":"root"},{"transform":{"y":-118.99,"x":-0.2836,"skX":-108.7033,"scY":0.77,"skY":-108.7033,"scX":1.44},"name":"huo","parent":"root"},{"transform":{"y":23.9266,"x":-86.9502,"skX":150.0367,"scY":0.66,"skY":150.0367,"scX":0.66},"name":"huo_Copy33","parent":"root"},{"transform":{"y":76.8196,"x":-65.3854,"skX":-88.5559,"skY":-88.5559},"name":"v","parent":"root"},{"transform":{"y":27.9665,"x":-7.949},"name":"Layer27","parent":"root"},{"transform":{"y":6.9494,"x":86.8847,"skX":77.9052,"skY":77.9052},"name":"sdi","parent":"s"},{"transform":{"y":-3.6999,"x":79.8536,"skX":88.5559,"skY":88.5559},"name":"vdi","parent":"v"}],"animation":[{"ffd":[],"frame":[],"slot":[{"frame":[{"color":{},"tweenEasing":0,"z":17,"displayIndex":-1,"duration":25},{"color":{},"tweenEasing":0,"z":17,"duration":2},{"color":{},"tweenEasing":0,"z":17,"displayIndex":1,"duration":2},{"color":{},"tweenEasing":0,"z":17,"displayIndex":2,"duration":2},{"color":{},"tweenEasing":0,"z":17,"displayIndex":3,"duration":2},{"color":{},"tweenEasing":0,"z":17,"displayIndex":4,"duration":2},{"color":{},"tweenEasing":0,"z":17,"displayIndex":5,"duration":2},{"color":{},"tweenEasing":0,"z":17,"displayIndex":6,"duration":2},{"color":{},"tweenEasing":0,"z":17,"displayIndex":7,"duration":2},{"color":{},"tweenEasing":0,"z":17,"displayIndex":8,"duration":5},{"color":{},"tweenEasing":0,"z":17,"displayIndex":9,"duration":5},{"color":{},"tweenEasing":0,"z":17,"displayIndex":10,"duration":5},{"color":{},"tweenEasing":0,"z":17,"displayIndex":11,"duration":5},{"color":{},"tweenEasing":0,"z":17,"displayIndex":-1,"duration":10},{"color":{},"tweenEasing":null,"z":17,"displayIndex":-1,"duration":4}],"name":"Layer29"},{"frame":[{"color":{},"tweenEasing":0,"z":16,"displayIndex":-1,"duration":10},{"color":{},"tweenEasing":0,"z":16,"duration":2},{"color":{},"tweenEasing":0,"z":16,"displayIndex":1,"duration":2},{"color":{},"tweenEasing":0,"z":16,"displayIndex":2,"duration":2},{"color":{},"tweenEasing":0,"z":16,"displayIndex":3,"duration":5},{"color":{},"tweenEasing":0,"z":16,"displayIndex":4,"duration":5},{"color":{},"tweenEasing":0,"z":16,"displayIndex":5,"duration":5},{"color":{},"tweenEasing":0,"z":16,"displayIndex":6,"duration":5},{"color":{},"tweenEasing":0,"z":16,"displayIndex":7,"duration":5},{"color":{},"tweenEasing":0,"z":16,"displayIndex":-1,"duration":20},{"color":{},"tweenEasing":0,"z":16,"displayIndex":-1,"duration":12},{"color":{},"tweenEasing":null,"z":16,"displayIndex":-1,"duration":2}],"name":"Layer27_Copy38"},{"frame":[{"color":{},"tweenEasing":0,"z":15,"displayIndex":-1,"duration":10},{"color":{},"tweenEasing":0,"z":15,"duration":2},{"color":{},"tweenEasing":0,"z":15,"displayIndex":1,"duration":2},{"color":{},"tweenEasing":0,"z":15,"displayIndex":2,"duration":2},{"color":{},"tweenEasing":0,"z":15,"displayIndex":3,"duration":5},{"color":{},"tweenEasing":0,"z":15,"displayIndex":4,"duration":5},{"color":{},"tweenEasing":0,"z":15,"displayIndex":5,"duration":5},{"color":{},"tweenEasing":0,"z":15,"displayIndex":6,"duration":5},{"color":{},"tweenEasing":0,"z":15,"displayIndex":7,"duration":5},{"color":{},"tweenEasing":0,"z":15,"displayIndex":-1,"duration":20},{"color":{},"tweenEasing":0,"z":15,"displayIndex":-1,"duration":12},{"color":{},"tweenEasing":null,"z":15,"displayIndex":-1,"duration":2}],"name":"Layer27"},{"frame":[{"color":{},"tweenEasing":0,"z":14,"displayIndex":-1,"duration":10},{"color":{},"tweenEasing":0,"z":14,"duration":5},{"color":{},"tweenEasing":0,"z":14,"duration":5},{"color":{},"tweenEasing":0,"z":14,"duration":42},{"color":{},"tweenEasing":0,"z":14,"duration":12},{"color":{"aM":0},"tweenEasing":null,"z":14,"duration":1}],"name":"v"},{"frame":[{"color":{},"tweenEasing":0,"z":13,"displayIndex":-1,"duration":15},{"color":{},"tweenEasing":0,"z":13,"displayIndex":3,"duration":5},{"color":{},"tweenEasing":0,"z":13,"displayIndex":4,"duration":5},{"color":{},"tweenEasing":0,"z":13,"displayIndex":5,"duration":5},{"color":{},"tweenEasing":0,"z":13,"displayIndex":6,"duration":5},{"color":{},"tweenEasing":0,"z":13,"displayIndex":7,"duration":5},{"color":{},"tweenEasing":0,"z":13,"displayIndex":8,"duration":5},{"color":{},"tweenEasing":0,"z":13,"displayIndex":9,"duration":5},{"color":{},"tweenEasing":0,"z":13,"displayIndex":10,"duration":5},{"color":{},"tweenEasing":0,"z":13,"displayIndex":11,"duration":5},{"color":{},"tweenEasing":0,"z":13,"displayIndex":12,"duration":5},{"color":{"aM":56},"tweenEasing":0,"z":13,"displayIndex":13,"duration":5},{"color":{"aM":19},"tweenEasing":0,"z":13,"displayIndex":14,"duration":5},{"color":{"aM":0},"tweenEasing":null,"z":13,"displayIndex":15,"duration":0}],"name":"huo_Copy33"},{"frame":[{"color":{},"tweenEasing":0,"z":12,"displayIndex":-1,"duration":15},{"color":{},"tweenEasing":0,"z":12,"displayIndex":3,"duration":5},{"color":{},"tweenEasing":0,"z":12,"displayIndex":4,"duration":5},{"color":{},"tweenEasing":0,"z":12,"displayIndex":5,"duration":5},{"color":{},"tweenEasing":0,"z":12,"displayIndex":6,"duration":5},{"color":{},"tweenEasing":0,"z":12,"displayIndex":7,"duration":5},{"color":{},"tweenEasing":0,"z":12,"displayIndex":8,"duration":5},{"color":{},"tweenEasing":0,"z":12,"displayIndex":9,"duration":5},{"color":{},"tweenEasing":0,"z":12,"displayIndex":10,"duration":5},{"color":{},"tweenEasing":0,"z":12,"displayIndex":11,"duration":5},{"color":{},"tweenEasing":0,"z":12,"displayIndex":12,"duration":5},{"color":{"aM":56},"tweenEasing":0,"z":12,"displayIndex":13,"duration":5},{"color":{"aM":19},"tweenEasing":0,"z":12,"displayIndex":14,"duration":5},{"color":{"aM":0},"tweenEasing":null,"z":12,"displayIndex":15,"duration":0}],"name":"huo"},{"frame":[{"color":{},"tweenEasing":0,"z":11,"displayIndex":-1,"duration":10},{"color":{},"tweenEasing":0,"z":11,"duration":10},{"color":{},"tweenEasing":0,"z":11,"duration":42},{"color":{},"tweenEasing":0,"z":11,"duration":12},{"color":{"aM":0},"tweenEasing":null,"z":11,"duration":1}],"name":"vdi"},{"frame":[{"color":{},"tweenEasing":0,"z":10,"displayIndex":-1,"duration":10},{"color":{},"tweenEasing":0,"z":10,"duration":5},{"color":{},"tweenEasing":0,"z":10,"duration":5},{"color":{},"tweenEasing":0,"z":10,"duration":42},{"color":{},"tweenEasing":0,"z":10,"duration":12},{"color":{"aM":0},"tweenEasing":null,"z":10,"duration":1}],"name":"s"},{"frame":[{"color":{},"tweenEasing":0,"z":9,"displayIndex":-1,"duration":15},{"color":{},"tweenEasing":0,"z":9,"displayIndex":3,"duration":5},{"color":{},"tweenEasing":0,"z":9,"displayIndex":4,"duration":5},{"color":{},"tweenEasing":0,"z":9,"displayIndex":5,"duration":5},{"color":{},"tweenEasing":0,"z":9,"displayIndex":6,"duration":5},{"color":{},"tweenEasing":0,"z":9,"displayIndex":7,"duration":5},{"color":{},"tweenEasing":0,"z":9,"displayIndex":8,"duration":5},{"color":{},"tweenEasing":0,"z":9,"displayIndex":9,"duration":5},{"color":{},"tweenEasing":0,"z":9,"displayIndex":10,"duration":5},{"color":{},"tweenEasing":0,"z":9,"displayIndex":11,"duration":5},{"color":{},"tweenEasing":0,"z":9,"displayIndex":12,"duration":5},{"color":{"aM":56},"tweenEasing":0,"z":9,"displayIndex":13,"duration":5},{"color":{"aM":19},"tweenEasing":0,"z":9,"displayIndex":14,"duration":5},{"color":{"aM":0},"tweenEasing":null,"z":9,"displayIndex":15,"duration":0}],"name":"huo_Copy34"},{"frame":[{"color":{},"tweenEasing":0,"z":8,"displayIndex":-1,"duration":15},{"color":{},"tweenEasing":0,"z":8,"displayIndex":3,"duration":5},{"color":{},"tweenEasing":0,"z":8,"displayIndex":4,"duration":5},{"color":{},"tweenEasing":0,"z":8,"displayIndex":5,"duration":5},{"color":{},"tweenEasing":0,"z":8,"displayIndex":6,"duration":5},{"color":{},"tweenEasing":0,"z":8,"displayIndex":7,"duration":5},{"color":{},"tweenEasing":0,"z":8,"displayIndex":8,"duration":5},{"color":{},"tweenEasing":0,"z":8,"displayIndex":9,"duration":5},{"color":{},"tweenEasing":0,"z":8,"displayIndex":10,"duration":5},{"color":{},"tweenEasing":0,"z":8,"displayIndex":11,"duration":5},{"color":{},"tweenEasing":0,"z":8,"displayIndex":12,"duration":5},{"color":{"aM":56},"tweenEasing":0,"z":8,"displayIndex":13,"duration":5},{"color":{"aM":19},"tweenEasing":0,"z":8,"displayIndex":14,"duration":5},{"color":{"aM":0},"tweenEasing":null,"z":8,"displayIndex":15,"duration":0}],"name":"huo_Copy35"},{"frame":[{"color":{},"tweenEasing":0,"z":7,"displayIndex":-1,"duration":17},{"color":{},"tweenEasing":0,"z":7,"displayIndex":14,"duration":5},{"color":{},"tweenEasing":0,"z":7,"displayIndex":15,"duration":2},{"color":{},"tweenEasing":0,"z":7,"duration":5},{"color":{},"tweenEasing":0,"z":7,"displayIndex":1,"duration":5},{"color":{},"tweenEasing":0,"z":7,"displayIndex":2,"duration":5},{"color":{},"tweenEasing":0,"z":7,"displayIndex":3,"duration":5},{"color":{},"tweenEasing":0,"z":7,"displayIndex":4,"duration":5},{"color":{},"tweenEasing":0,"z":7,"displayIndex":5,"duration":5},{"color":{},"tweenEasing":0,"z":7,"displayIndex":6,"duration":5},{"color":{},"tweenEasing":0,"z":7,"displayIndex":7,"duration":5},{"color":{"aM":56},"tweenEasing":0,"z":7,"displayIndex":8,"duration":5},{"color":{"aM":19},"tweenEasing":0,"z":7,"displayIndex":9,"duration":5},{"color":{"aM":0},"tweenEasing":null,"z":7,"displayIndex":10,"duration":1}],"name":"huo_Copy36"},{"frame":[{"color":{},"tweenEasing":0,"z":6,"displayIndex":-1,"duration":15},{"color":{},"tweenEasing":0,"z":6,"displayIndex":3,"duration":5},{"color":{},"tweenEasing":0,"z":6,"displayIndex":4,"duration":5},{"color":{},"tweenEasing":0,"z":6,"displayIndex":5,"duration":5},{"color":{},"tweenEasing":0,"z":6,"displayIndex":6,"duration":5},{"color":{},"tweenEasing":0,"z":6,"displayIndex":7,"duration":5},{"color":{},"tweenEasing":0,"z":6,"displayIndex":8,"duration":5},{"color":{},"tweenEasing":0,"z":6,"displayIndex":9,"duration":5},{"color":{},"tweenEasing":0,"z":6,"displayIndex":10,"duration":5},{"color":{},"tweenEasing":0,"z":6,"displayIndex":11,"duration":5},{"color":{},"tweenEasing":0,"z":6,"displayIndex":12,"duration":5},{"color":{"aM":56},"tweenEasing":0,"z":6,"displayIndex":13,"duration":5},{"color":{"aM":19},"tweenEasing":0,"z":6,"displayIndex":14,"duration":5},{"color":{"aM":0},"tweenEasing":null,"z":6,"displayIndex":15,"duration":0}],"name":"huo_Copy37"},{"frame":[{"color":{},"tweenEasing":0,"z":5,"displayIndex":-1,"duration":10},{"color":{},"tweenEasing":0,"z":5,"duration":10},{"color":{},"tweenEasing":0,"z":5,"duration":42},{"color":{},"tweenEasing":0,"z":5,"duration":12},{"color":{"aM":0},"tweenEasing":null,"z":5,"duration":1}],"name":"sdi"},{"frame":[{"color":{},"tweenEasing":0,"z":4,"displayIndex":-1,"duration":10},{"color":{"aM":0},"tweenEasing":0,"z":4,"duration":10},{"color":{},"tweenEasing":0,"z":4,"duration":7},{"color":{"aM":0},"tweenEasing":0,"z":4,"duration":2},{"color":{},"tweenEasing":0,"z":4,"displayIndex":-1,"duration":45},{"color":{},"tweenEasing":null,"z":4,"displayIndex":-1,"duration":1}],"name":"Layer28"},{"frame":[{"color":{},"tweenEasing":0,"z":3,"displayIndex":-1,"duration":10},{"color":{},"tweenEasing":0,"z":3,"duration":5},{"color":{},"tweenEasing":0,"z":3,"duration":5},{"color":{},"tweenEasing":0,"z":3,"duration":42},{"color":{},"tweenEasing":0,"z":3,"duration":12},{"color":{"aM":0},"tweenEasing":null,"z":3,"duration":1}],"name":"long"},{"frame":[{"color":{},"tweenEasing":0,"z":2,"duration":7},{"color":{},"tweenEasing":0,"z":2,"duration":2},{"color":{},"tweenEasing":0,"z":2,"displayIndex":-1,"duration":52},{"color":{},"tweenEasing":0,"z":2,"displayIndex":-1,"duration":12},{"color":{},"tweenEasing":null,"z":2,"displayIndex":-1,"duration":2}],"name":"longmohu"},{"frame":[{"color":{},"tweenEasing":0,"z":1,"displayIndex":-1,"duration":10},{"color":{},"tweenEasing":0,"z":1,"duration":5},{"color":{},"tweenEasing":0,"z":1,"duration":5},{"color":{},"tweenEasing":0,"z":1,"duration":42},{"color":{},"tweenEasing":0,"z":1,"duration":12},{"color":{"aM":0},"tweenEasing":null,"z":1,"duration":1}],"name":"hu"},{"frame":[{"color":{},"tweenEasing":0,"duration":7},{"color":{},"tweenEasing":0,"duration":2},{"color":{},"tweenEasing":0,"displayIndex":-1,"duration":52},{"color":{},"tweenEasing":0,"displayIndex":-1,"duration":12},{"color":{},"tweenEasing":null,"displayIndex":-1,"duration":2}],"name":"humohu"}],"duration":75,"name":"Animation1","bone":[{"frame":[{"tweenEasing":0,"transform":{},"duration":25},{"tweenEasing":0,"transform":{},"duration":2},{"tweenEasing":0,"transform":{},"duration":2},{"tweenEasing":0,"transform":{},"duration":2},{"tweenEasing":0,"transform":{},"duration":2},{"tweenEasing":0,"transform":{},"duration":2},{"tweenEasing":0,"transform":{},"duration":2},{"tweenEasing":0,"transform":{},"duration":2},{"tweenEasing":0,"transform":{},"duration":2},{"tweenEasing":0,"transform":{},"duration":5},{"tweenEasing":0,"transform":{},"duration":5},{"tweenEasing":0,"transform":{},"duration":5},{"tweenEasing":0,"transform":{},"duration":5},{"tweenEasing":0,"transform":{},"duration":10},{"tweenEasing":null,"transform":{},"duration":4}],"name":"Layer29"},{"frame":[{"tweenEasing":0,"transform":{},"duration":10},{"tweenEasing":0,"transform":{},"duration":2},{"tweenEasing":0,"transform":{},"duration":2},{"tweenEasing":0,"transform":{},"duration":2},{"tweenEasing":0,"transform":{},"duration":5},{"tweenEasing":0,"transform":{},"duration":5},{"tweenEasing":0,"transform":{},"duration":5},{"tweenEasing":0,"transform":{},"duration":5},{"tweenEasing":0,"transform":{},"duration":5},{"tweenEasing":0,"transform":{},"duration":20},{"tweenEasing":0,"transform":{},"duration":12},{"tweenEasing":null,"transform":{},"duration":2}],"name":"Layer27_Copy38"},{"frame":[{"tweenEasing":0,"transform":{},"duration":10},{"tweenEasing":0,"transform":{},"duration":2},{"tweenEasing":0,"transform":{},"duration":2},{"tweenEasing":0,"transform":{},"duration":2},{"tweenEasing":0,"transform":{},"duration":5},{"tweenEasing":0,"transform":{},"duration":5},{"tweenEasing":0,"transform":{},"duration":5},{"tweenEasing":0,"transform":{},"duration":5},{"tweenEasing":0,"transform":{},"duration":5},{"tweenEasing":0,"transform":{},"duration":20},{"tweenEasing":0,"transform":{},"duration":12},{"tweenEasing":null,"transform":{},"duration":2}],"name":"Layer27"},{"frame":[{"tweenEasing":0,"transform":{},"duration":10},{"tweenEasing":0,"transform":{"x":11},"duration":5},{"tweenEasing":0,"transform":{"y":1.6667,"x":-35.6667},"duration":5},{"tweenEasing":0,"transform":{},"duration":42},{"tweenEasing":0,"transform":{},"duration":12},{"tweenEasing":null,"transform":{},"duration":1}],"name":"v"},{"frame":[{"tweenEasing":0,"transform":{},"duration":15},{"tweenEasing":0,"transform":{},"duration":5},{"tweenEasing":0,"transform":{},"duration":5},{"tweenEasing":0,"transform":{},"duration":5},{"tweenEasing":0,"transform":{},"duration":5},{"tweenEasing":0,"transform":{},"duration":5},{"tweenEasing":0,"transform":{},"duration":5},{"tweenEasing":0,"transform":{},"duration":5},{"tweenEasing":0,"transform":{},"duration":5},{"tweenEasing":0,"transform":{},"duration":5},{"tweenEasing":0,"transform":{},"duration":5},{"tweenEasing":0,"transform":{},"duration":5},{"tweenEasing":0,"transform":{},"duration":5},{"tweenEasing":null,"transform":{},"duration":0}],"name":"huo_Copy33"},{"frame":[{"tweenEasing":0,"transform":{},"duration":15},{"tweenEasing":0,"transform":{},"duration":5},{"tweenEasing":0,"transform":{},"duration":5},{"tweenEasing":0,"transform":{},"duration":5},{"tweenEasing":0,"transform":{},"duration":5},{"tweenEasing":0,"transform":{},"duration":5},{"tweenEasing":0,"transform":{},"duration":5},{"tweenEasing":0,"transform":{},"duration":5},{"tweenEasing":0,"transform":{},"duration":5},{"tweenEasing":0,"transform":{},"duration":5},{"tweenEasing":0,"transform":{},"duration":5},{"tweenEasing":0,"transform":{},"duration":5},{"tweenEasing":0,"transform":{},"duration":5},{"tweenEasing":null,"transform":{},"duration":0}],"name":"huo"},{"frame":[{"tweenEasing":0,"transform":{},"duration":10},{"tweenEasing":0,"transform":{},"duration":10},{"tweenEasing":0,"transform":{},"duration":42},{"tweenEasing":0,"transform":{},"duration":12},{"tweenEasing":null,"transform":{},"duration":1}],"name":"vdi"},{"frame":[{"tweenEasing":0,"transform":{},"duration":10},{"tweenEasing":0,"transform":{"x":-15},"duration":5},{"tweenEasing":0,"transform":{"x":37},"duration":5},{"tweenEasing":0,"transform":{},"duration":42},{"tweenEasing":0,"transform":{},"duration":12},{"tweenEasing":null,"transform":{},"duration":1}],"name":"s"},{"frame":[{"tweenEasing":0,"transform":{},"duration":15},{"tweenEasing":0,"transform":{},"duration":5},{"tweenEasing":0,"transform":{},"duration":5},{"tweenEasing":0,"transform":{},"duration":5},{"tweenEasing":0,"transform":{},"duration":5},{"tweenEasing":0,"transform":{},"duration":5},{"tweenEasing":0,"transform":{},"duration":5},{"tweenEasing":0,"transform":{},"duration":5},{"tweenEasing":0,"transform":{},"duration":5},{"tweenEasing":0,"transform":{},"duration":5},{"tweenEasing":0,"transform":{},"duration":5},{"tweenEasing":0,"transform":{},"duration":5},{"tweenEasing":0,"transform":{},"duration":5},{"tweenEasing":null,"transform":{},"duration":0}],"name":"huo_Copy34"},{"frame":[{"tweenEasing":0,"transform":{},"duration":15},{"tweenEasing":0,"transform":{},"duration":5},{"tweenEasing":0,"transform":{},"duration":5},{"tweenEasing":0,"transform":{},"duration":5},{"tweenEasing":0,"transform":{},"duration":5},{"tweenEasing":0,"transform":{},"duration":5},{"tweenEasing":0,"transform":{},"duration":5},{"tweenEasing":0,"transform":{},"duration":5},{"tweenEasing":0,"transform":{},"duration":5},{"tweenEasing":0,"transform":{},"duration":5},{"tweenEasing":0,"transform":{},"duration":5},{"tweenEasing":0,"transform":{},"duration":5},{"tweenEasing":0,"transform":{},"duration":5},{"tweenEasing":null,"transform":{},"duration":0}],"name":"huo_Copy35"},{"frame":[{"tweenEasing":0,"transform":{},"duration":17},{"tweenEasing":0,"transform":{},"duration":5},{"tweenEasing":0,"transform":{},"duration":2},{"tweenEasing":0,"transform":{},"duration":5},{"tweenEasing":0,"transform":{},"duration":5},{"tweenEasing":0,"transform":{},"duration":5},{"tweenEasing":0,"transform":{},"duration":5},{"tweenEasing":0,"transform":{},"duration":5},{"tweenEasing":0,"transform":{},"duration":5},{"tweenEasing":0,"transform":{},"duration":5},{"tweenEasing":0,"transform":{},"duration":5},{"tweenEasing":0,"transform":{},"duration":5},{"tweenEasing":0,"transform":{},"duration":5},{"tweenEasing":null,"transform":{},"duration":1}],"name":"huo_Copy36"},{"frame":[{"tweenEasing":0,"transform":{},"duration":15},{"tweenEasing":0,"transform":{},"duration":5},{"tweenEasing":0,"transform":{},"duration":5},{"tweenEasing":0,"transform":{},"duration":5},{"tweenEasing":0,"transform":{},"duration":5},{"tweenEasing":0,"transform":{},"duration":5},{"tweenEasing":0,"transform":{},"duration":5},{"tweenEasing":0,"transform":{},"duration":5},{"tweenEasing":0,"transform":{},"duration":5},{"tweenEasing":0,"transform":{},"duration":5},{"tweenEasing":0,"transform":{},"duration":5},{"tweenEasing":0,"transform":{},"duration":5},{"tweenEasing":0,"transform":{},"duration":5},{"tweenEasing":null,"transform":{},"duration":0}],"name":"huo_Copy37"},{"frame":[{"tweenEasing":0,"transform":{},"duration":10},{"tweenEasing":0,"transform":{},"duration":10},{"tweenEasing":0,"transform":{},"duration":42},{"tweenEasing":0,"transform":{},"duration":12},{"tweenEasing":null,"transform":{},"duration":1}],"name":"sdi"},{"frame":[{"tweenEasing":0,"transform":{},"duration":10},{"tweenEasing":0,"transform":{"scY":0.6,"scX":0.6},"duration":10},{"tweenEasing":0,"transform":{},"duration":7},{"tweenEasing":0,"transform":{"scY":1.2298,"scX":1.2298},"duration":2},{"tweenEasing":0,"transform":{"scY":1.2298,"scX":1.2298},"duration":45},{"tweenEasing":null,"transform":{"scY":1.2298,"scX":1.2298},"duration":1}],"name":"Layer28"},{"frame":[{"tweenEasing":0,"transform":{},"duration":10},{"tweenEasing":0,"transform":{"x":11},"duration":5},{"tweenEasing":0,"transform":{"y":1.6667,"x":-35.6667},"duration":5},{"tweenEasing":0,"transform":{},"duration":42},{"tweenEasing":0,"transform":{},"duration":12},{"tweenEasing":null,"transform":{},"duration":1}],"name":"long"},{"frame":[{"tweenEasing":0,"transform":{},"duration":7},{"tweenEasing":0,"transform":{"y":17.2917,"x":592.0834},"duration":2},{"tweenEasing":0,"transform":{"y":23.0556,"x":789.4445},"duration":52},{"tweenEasing":0,"transform":{"y":23.0556,"x":789.4445},"duration":12},{"tweenEasing":null,"transform":{"y":23.0556,"x":789.4445},"duration":2}],"name":"longmohu"},{"frame":[{"tweenEasing":0,"transform":{},"duration":10},{"tweenEasing":0,"transform":{"x":-15},"duration":5},{"tweenEasing":0,"transform":{"x":37},"duration":5},{"tweenEasing":0,"transform":{},"duration":42},{"tweenEasing":0,"transform":{},"duration":12},{"tweenEasing":null,"transform":{},"duration":1}],"name":"hu"},{"frame":[{"tweenEasing":0,"transform":{},"duration":7},{"tweenEasing":0,"transform":{"y":-8.25,"x":-637.4999},"duration":2},{"tweenEasing":0,"transform":{"y":-11,"x":-849.9999},"duration":52},{"tweenEasing":0,"transform":{"y":-11,"x":-849.9999},"duration":12},{"tweenEasing":null,"transform":{"y":-11,"x":-849.9999},"duration":2}],"name":"humohu"},{"frame":[{"tweenEasing":null,"transform":{},"duration":75}],"name":"root"}]}],"skin":[{"name":"","slot":[{"display":[{"type":"image","name":"V","transform":{"y":7.9329,"x":104.8047,"skX":88.5559,"skY":88.556}}],"name":"v"},{"display":[{"type":"image","name":"long2","transform":{"y":29.0742,"x":176.5007,"skX":42.0291,"skY":42.0286}}],"name":"long"},{"display":[{"type":"image","name":"huoyanshanguang0005","transform":{}}],"name":"Layer28"},{"display":[{"type":"image","name":"laohu1","transform":{"y":-67.6741,"x":189.5356,"skX":65.6277,"skY":65.6279}}],"name":"hu"},{"display":[{"type":"image","name":"huoyan/huoyan0001","transform":{"y":14.0462,"x":41.3188,"skX":89.0371,"skY":89.0372}},{"type":"image","name":"huoyan/huoyan0002","transform":{"y":14.0462,"x":41.3188,"skX":89.0371,"skY":89.0371}},{"type":"image","name":"huoyan/huoyan0003","transform":{"y":14.0462,"x":41.3188,"skX":89.0371,"skY":89.0371}},{"type":"image","name":"huoyan/huoyan0004","transform":{"y":14.0462,"x":41.3188,"skX":89.0371,"skY":89.0371}},{"type":"image","name":"huoyan/huoyan0005","transform":{"y":14.0462,"x":41.3188,"skX":89.0371,"skY":89.0371}},{"type":"image","name":"huoyan/huoyan0006","transform":{"y":14.0462,"x":41.3188,"skX":89.0371,"skY":89.0371}},{"type":"image","name":"huoyan/huoyan0007","transform":{"y":14.0462,"x":41.3188,"skX":89.0371,"skY":89.0371}},{"type":"image","name":"huoyan/huoyan0008","transform":{"y":14.0462,"x":41.3188,"skX":89.0371,"skY":89.0371}},{"type":"image","name":"huoyan/huoyan0009","transform":{"y":14.0462,"x":41.3188,"skX":89.0371,"skY":89.0371}},{"type":"image","name":"huoyan/huoyan0010","transform":{"y":14.0462,"x":41.3188,"skX":89.0371,"skY":89.0371}},{"type":"image","name":"huoyan/huoyan0011","transform":{"y":14.0462,"x":41.3188,"skX":89.0371,"skY":89.0371}},{"type":"image","name":"huoyan/huoyan0012","transform":{"y":14.0462,"x":41.3188,"skX":89.0371,"skY":89.0371}},{"type":"image","name":"huoyan/huoyan0013","transform":{"y":14.0462,"x":41.3188,"skX":89.0371,"skY":89.0371}},{"type":"image","name":"huoyan/huoyan0014","transform":{"y":14.0462,"x":41.3188,"skX":89.0371,"skY":89.0371}},{"type":"image","name":"huoyan/huoyan0015","transform":{"y":14.0462,"x":41.3188,"skX":89.0371,"skY":89.0371}},{"type":"image","name":"huoyan/huoyan0016","transform":{"y":14.0462,"x":41.3188,"skX":89.0371,"skY":89.0371}}],"name":"huo_Copy37"},{"display":[{"type":"image","name":"huoyan/huoyan0001","transform":{"y":14.0462,"x":41.3188,"skX":89.0371,"skY":89.0372}},{"type":"image","name":"huoyan/huoyan0002","transform":{"y":14.0462,"x":41.3188,"skX":89.0371,"skY":89.0371}},{"type":"image","name":"huoyan/huoyan0003","transform":{"y":14.0462,"x":41.3188,"skX":89.0371,"skY":89.0371}},{"type":"image","name":"huoyan/huoyan0004","transform":{"y":14.0462,"x":41.3188,"skX":89.0371,"skY":89.0371}},{"type":"image","name":"huoyan/huoyan0005","transform":{"y":14.0462,"x":41.3188,"skX":89.0371,"skY":89.0371}},{"type":"image","name":"huoyan/huoyan0006","transform":{"y":14.0462,"x":41.3188,"skX":89.0371,"skY":89.0371}},{"type":"image","name":"huoyan/huoyan0007","transform":{"y":14.0462,"x":41.3188,"skX":89.0371,"skY":89.0371}},{"type":"image","name":"huoyan/huoyan0008","transform":{"y":14.0462,"x":41.3188,"skX":89.0371,"skY":89.0371}},{"type":"image","name":"huoyan/huoyan0009","transform":{"y":14.0462,"x":41.3188,"skX":89.0371,"skY":89.0371}},{"type":"image","name":"huoyan/huoyan0010","transform":{"y":14.0462,"x":41.3188,"skX":89.0371,"skY":89.0371}},{"type":"image","name":"huoyan/huoyan0011","transform":{"y":14.0462,"x":41.3188,"skX":89.0371,"skY":89.0371}},{"type":"image","name":"huoyan/huoyan0012","transform":{"y":14.0462,"x":41.3188,"skX":89.0371,"skY":89.0371}},{"type":"image","name":"huoyan/huoyan0013","transform":{"y":14.0462,"x":41.3188,"skX":89.0371,"skY":89.0371}},{"type":"image","name":"huoyan/huoyan0014","transform":{"y":14.0462,"x":41.3188,"skX":89.0371,"skY":89.0371}},{"type":"image","name":"huoyan/huoyan0015","transform":{"y":14.0462,"x":41.3188,"skX":89.0371,"skY":89.0371}},{"type":"image","name":"huoyan/huoyan0016","transform":{"y":14.0462,"x":41.3188,"skX":89.0371,"skY":89.0371}}],"name":"huo_Copy34"},{"display":[{"type":"image","name":"zhongjianbaozha/baokai0001","transform":{}},{"type":"image","name":"zhongjianbaozha/baokai0002","transform":{}},{"type":"image","name":"zhongjianbaozha/baokai0003","transform":{}},{"type":"image","name":"zhongjianbaozha/baokai0004","transform":{}},{"type":"image","name":"zhongjianbaozha/baokai0005","transform":{}},{"type":"image","name":"zhongjianbaozha/baokai0006","transform":{}},{"type":"image","name":"zhongjianbaozha/baokai0007","transform":{}},{"type":"image","name":"zhongjianbaozha/baokai0008","transform":{}}],"name":"Layer27"},{"display":[{"type":"image","name":"huoyan/huoyan0001","transform":{"y":14.0462,"x":41.3188,"skX":89.0371,"skY":89.0372}},{"type":"image","name":"huoyan/huoyan0002","transform":{"y":14.0462,"x":41.3188,"skX":89.0371,"skY":89.0371}},{"type":"image","name":"huoyan/huoyan0003","transform":{"y":14.0462,"x":41.3188,"skX":89.0371,"skY":89.0371}},{"type":"image","name":"huoyan/huoyan0004","transform":{"y":14.0462,"x":41.3188,"skX":89.0371,"skY":89.0371}},{"type":"image","name":"huoyan/huoyan0005","transform":{"y":14.0462,"x":41.3188,"skX":89.0371,"skY":89.0371}},{"type":"image","name":"huoyan/huoyan0006","transform":{"y":14.0462,"x":41.3188,"skX":89.0371,"skY":89.0371}},{"type":"image","name":"huoyan/huoyan0007","transform":{"y":14.0462,"x":41.3188,"skX":89.0371,"skY":89.0371}},{"type":"image","name":"huoyan/huoyan0008","transform":{"y":14.0462,"x":41.3188,"skX":89.0371,"skY":89.0371}},{"type":"image","name":"huoyan/huoyan0009","transform":{"y":14.0462,"x":41.3188,"skX":89.0371,"skY":89.0371}},{"type":"image","name":"huoyan/huoyan0010","transform":{"y":14.0462,"x":41.3188,"skX":89.0371,"skY":89.0371}},{"type":"image","name":"huoyan/huoyan0011","transform":{"y":14.0462,"x":41.3188,"skX":89.0371,"skY":89.0371}},{"type":"image","name":"huoyan/huoyan0012","transform":{"y":14.0462,"x":41.3188,"skX":89.0371,"skY":89.0371}},{"type":"image","name":"huoyan/huoyan0013","transform":{"y":14.0462,"x":41.3188,"skX":89.0371,"skY":89.0371}},{"type":"image","name":"huoyan/huoyan0014","transform":{"y":14.0462,"x":41.3188,"skX":89.0371,"skY":89.0371}},{"type":"image","name":"huoyan/huoyan0015","transform":{"y":14.0462,"x":41.3188,"skX":89.0371,"skY":89.0371}},{"type":"image","name":"huoyan/huoyan0016","transform":{"y":14.0462,"x":41.3188,"skX":89.0371,"skY":89.0371}}],"name":"huo_Copy33"},{"display":[{"type":"image","name":"xiaoshandian/xiaoshandian0001","transform":{}},{"type":"image","name":"xiaoshandian/xiaoshandian0003","transform":{}},{"type":"image","name":"xiaoshandian/xiaoshandian0004","transform":{}},{"type":"image","name":"xiaoshandian/xiaoshandian0007","transform":{}},{"type":"image","name":"xiaoshandian/xiaoshandian0008","transform":{}},{"type":"image","name":"xiaoshandian/xiaoshandian0009","transform":{}},{"type":"image","name":"xiaoshandian/xiaoshandian0010","transform":{}},{"type":"image","name":"xiaoshandian/xiaoshandian0011","transform":{}},{"type":"image","name":"xiaoshandian/xiaoshandian0013","transform":{}},{"type":"image","name":"xiaoshandian/xiaoshandian0015","transform":{}},{"type":"image","name":"xiaoshandian/xiaoshandian0017","transform":{}},{"type":"image","name":"xiaoshandian/xiaoshandian0019","transform":{}}],"name":"Layer29"},{"display":[{"type":"image","name":"huoyan/huoyan0001","transform":{"y":14.0462,"x":41.3188,"skX":89.0371,"skY":89.0372}},{"type":"image","name":"huoyan/huoyan0002","transform":{"y":14.0462,"x":41.3188,"skX":89.0371,"skY":89.0371}},{"type":"image","name":"huoyan/huoyan0003","transform":{"y":14.0462,"x":41.3188,"skX":89.0371,"skY":89.0371}},{"type":"image","name":"huoyan/huoyan0004","transform":{"y":14.0462,"x":41.3188,"skX":89.0371,"skY":89.0371}},{"type":"image","name":"huoyan/huoyan0005","transform":{"y":14.0462,"x":41.3188,"skX":89.0371,"skY":89.0371}},{"type":"image","name":"huoyan/huoyan0006","transform":{"y":14.0462,"x":41.3188,"skX":89.0371,"skY":89.0371}},{"type":"image","name":"huoyan/huoyan0007","transform":{"y":14.0462,"x":41.3188,"skX":89.0371,"skY":89.0371}},{"type":"image","name":"huoyan/huoyan0008","transform":{"y":14.0462,"x":41.3188,"skX":89.0371,"skY":89.0371}},{"type":"image","name":"huoyan/huoyan0009","transform":{"y":14.0462,"x":41.3188,"skX":89.0371,"skY":89.0371}},{"type":"image","name":"huoyan/huoyan0010","transform":{"y":14.0462,"x":41.3188,"skX":89.0371,"skY":89.0371}},{"type":"image","name":"huoyan/huoyan0011","transform":{"y":14.0462,"x":41.3188,"skX":89.0371,"skY":89.0371}},{"type":"image","name":"huoyan/huoyan0012","transform":{"y":14.0462,"x":41.3188,"skX":89.0371,"skY":89.0371}},{"type":"image","name":"huoyan/huoyan0013","transform":{"y":14.0462,"x":41.3188,"skX":89.0371,"skY":89.0371}},{"type":"image","name":"huoyan/huoyan0014","transform":{"y":14.0462,"x":41.3188,"skX":89.0371,"skY":89.0371}},{"type":"image","name":"huoyan/huoyan0015","transform":{"y":14.0462,"x":41.3188,"skX":89.0371,"skY":89.0371}},{"type":"image","name":"huoyan/huoyan0016","transform":{"y":14.0462,"x":41.3188,"skX":89.0371,"skY":89.0371}}],"name":"huo"},{"display":[{"type":"image","name":"S1","transform":{"y":5.4285,"x":-53.4284}}],"name":"sdi"},{"display":[{"type":"image","name":"S","transform":{"y":-50.5462,"x":57.2514,"skX":77.9052,"skY":77.9052}}],"name":"s"},{"display":[{"type":"image","name":"longmohu","transform":{"y":48.568,"x":158.8,"skX":94.3087,"scY":2,"skY":94.3089,"scX":2}}],"name":"longmohu"},{"display":[{"type":"image","name":"huoyan/huoyan0001","transform":{"y":14.0462,"x":41.3188,"skX":89.0371,"skY":89.0372}},{"type":"image","name":"huoyan/huoyan0002","transform":{"y":14.0462,"x":41.3188,"skX":89.0371,"skY":89.0371}},{"type":"image","name":"huoyan/huoyan0003","transform":{"y":14.0462,"x":41.3188,"skX":89.0371,"skY":89.0371}},{"type":"image","name":"huoyan/huoyan0004","transform":{"y":14.0462,"x":41.3188,"skX":89.0371,"skY":89.0371}},{"type":"image","name":"huoyan/huoyan0005","transform":{"y":14.0462,"x":41.3188,"skX":89.0371,"skY":89.0371}},{"type":"image","name":"huoyan/huoyan0006","transform":{"y":14.0462,"x":41.3188,"skX":89.0371,"skY":89.0371}},{"type":"image","name":"huoyan/huoyan0007","transform":{"y":14.0462,"x":41.3188,"skX":89.0371,"skY":89.0371}},{"type":"image","name":"huoyan/huoyan0008","transform":{"y":14.0462,"x":41.3188,"skX":89.0371,"skY":89.0371}},{"type":"image","name":"huoyan/huoyan0009","transform":{"y":14.0462,"x":41.3188,"skX":89.0371,"skY":89.0371}},{"type":"image","name":"huoyan/huoyan0010","transform":{"y":14.0462,"x":41.3188,"skX":89.0371,"skY":89.0371}},{"type":"image","name":"huoyan/huoyan0011","transform":{"y":14.0462,"x":41.3188,"skX":89.0371,"skY":89.0371}},{"type":"image","name":"huoyan/huoyan0012","transform":{"y":14.0462,"x":41.3188,"skX":89.0371,"skY":89.0371}},{"type":"image","name":"huoyan/huoyan0013","transform":{"y":14.0462,"x":41.3188,"skX":89.0371,"skY":89.0371}},{"type":"image","name":"huoyan/huoyan0014","transform":{"y":14.0462,"x":41.3188,"skX":89.0371,"skY":89.0371}},{"type":"image","name":"huoyan/huoyan0015","transform":{"y":14.0462,"x":41.3188,"skX":89.0371,"skY":89.0371}},{"type":"image","name":"huoyan/huoyan0016","transform":{"y":14.0462,"x":41.3188,"skX":89.0371,"skY":89.0371}}],"name":"huo_Copy36"},{"display":[{"type":"image","name":"v1","transform":{"y":-50.5715,"x":14.5717}}],"name":"vdi"},{"display":[{"type":"image","name":"huoyan/huoyan0001","transform":{"y":14.0462,"x":41.3188,"skX":89.0371,"skY":89.0372}},{"type":"image","name":"huoyan/huoyan0002","transform":{"y":14.0462,"x":41.3188,"skX":89.0371,"skY":89.0371}},{"type":"image","name":"huoyan/huoyan0003","transform":{"y":14.0462,"x":41.3188,"skX":89.0371,"skY":89.0371}},{"type":"image","name":"huoyan/huoyan0004","transform":{"y":14.0462,"x":41.3188,"skX":89.0371,"skY":89.0371}},{"type":"image","name":"huoyan/huoyan0005","transform":{"y":14.0462,"x":41.3188,"skX":89.0371,"skY":89.0371}},{"type":"image","name":"huoyan/huoyan0006","transform":{"y":14.0462,"x":41.3188,"skX":89.0371,"skY":89.0371}},{"type":"image","name":"huoyan/huoyan0007","transform":{"y":14.0462,"x":41.3188,"skX":89.0371,"skY":89.0371}},{"type":"image","name":"huoyan/huoyan0008","transform":{"y":14.0462,"x":41.3188,"skX":89.0371,"skY":89.0371}},{"type":"image","name":"huoyan/huoyan0009","transform":{"y":14.0462,"x":41.3188,"skX":89.0371,"skY":89.0371}},{"type":"image","name":"huoyan/huoyan0010","transform":{"y":14.0462,"x":41.3188,"skX":89.0371,"skY":89.0371}},{"type":"image","name":"huoyan/huoyan0011","transform":{"y":14.0462,"x":41.3188,"skX":89.0371,"skY":89.0371}},{"type":"image","name":"huoyan/huoyan0012","transform":{"y":14.0462,"x":41.3188,"skX":89.0371,"skY":89.0371}},{"type":"image","name":"huoyan/huoyan0013","transform":{"y":14.0462,"x":41.3188,"skX":89.0371,"skY":89.0371}},{"type":"image","name":"huoyan/huoyan0014","transform":{"y":14.0462,"x":41.3188,"skX":89.0371,"skY":89.0371}},{"type":"image","name":"huoyan/huoyan0015","transform":{"y":14.0462,"x":41.3188,"skX":89.0371,"skY":89.0371}},{"type":"image","name":"huoyan/huoyan0016","transform":{"y":14.0462,"x":41.3188,"skX":89.0371,"skY":89.0371}}],"name":"huo_Copy35"},{"display":[{"type":"image","name":"humohu","transform":{"y":-127.6792,"x":168.1525,"skX":63.4346,"scY":2,"skY":63.4346,"scX":2}}],"name":"humohu"},{"display":[{"type":"image","name":"zhongjianbaozha/baokai0001","transform":{}},{"type":"image","name":"zhongjianbaozha/baokai0002","transform":{}},{"type":"image","name":"zhongjianbaozha/baokai0003","transform":{}},{"type":"image","name":"zhongjianbaozha/baokai0004","transform":{}},{"type":"image","name":"zhongjianbaozha/baokai0005","transform":{}},{"type":"image","name":"zhongjianbaozha/baokai0006","transform":{}},{"type":"image","name":"zhongjianbaozha/baokai0007","transform":{}},{"type":"image","name":"zhongjianbaozha/baokai0008","transform":{}}],"name":"Layer27_Copy38"}]}],"defaultActions":[{"gotoAndPlay":"Animation1"}],"aabb":{"width":2265.500383092706,"y":-271.67327681450524,"height":555.0000262284453,"x":-1095.3656325213042},"name":"armatureName","frameRate":60}],"name":"longhudou_vsdonghua","version":"5.0","isGlobal":0}