{
    "Artemis": {
      "1X": {
        "filter": "tvai_up=model=alq-13:scale=1[DEVICE_INFO]"
      },
      "2X": {
        "filter": "tvai_up=model=alq-13:scale=2[DEVICE_INFO]"
      },
      "4X": {
        "filter": "tvai_up=model=alq-13:scale=4[DEVICE_INFO]"
      }
    },
    "Proteus": {
      "1X": {
        "filter": "tvai_up=model=prob-3:scale=1[DEVICE_INFO]"
      },
      "2X": {
        "filter": "tvai_up=model=prob-3:scale=2[DEVICE_INFO]"
      },
      "4X": {
        "filter": "tvai_up=model=prob-3:scale=4[DEVICE_INFO]"
      }
    },
    "Gaia": {
      "1X": {
        "name": "1X",
        "filter": "tvai_up=model=ghq-5:scale=1[DEVICE_INFO]"
      },
      "2X": {
        "filter": "tvai_up=model=ghq-5:scale=2[DEVICE_INFO]"
      },
      "4X": {
        "filter": "tvai_up=model=ghq-5:scale=4[DEVICE_INFO]"
      }
    },
    "4X Slowmo": {
      "Apollo": {
        "factor": 4,
        "filter": "tvai_fi=model=apo-8:slowmo=4:rdt=-0.001[DEVICE_INFO]"
      },
      "Chronos": {
        "factor": 4,
        "filter": "tvai_fi=model=chr-2:slowmo=4:rdt=-0.001[DEVICE_INFO]"
      },
      "Chronos Fast": {
        "factor": 4,
        "filter": "tvai_fi=model=chf-3:slowmo=4:rdt=-0.001[DEVICE_INFO]"
      }
    }
  }