[
  {
    "text": "ProRes 422 LT",
    "encoder": "-c:v prores_ks -profile:v 1 -vendor apl0 -quant_mat lt -bits_per_mb 525 -pix_fmt yuv422p10le",
    "ext": [
      "mov"
    ],
    "transcode": "aac -b:a 320k -ac 2",
    "os": "windows",
    "minSize": [1,1],
    "maxSize": [16255,16255],
    "maxBitDepth": 10,
    "doNotScaleFullColorRange": "transcode"
  },
  {
    "text": "ProRes 422 HQ",
    "encoder": "-c:v prores_ks -profile:v 3 -vendor apl0 -quant_mat hq -bits_per_mb 1350 -pix_fmt yuv422p10le",
    "ext": [
      "mov"
    ],
    "transcode": "aac -b:a 320k -ac 2",
    "os": "windows",
    "minSize": [1,1],
    "maxSize": [16255,16255],
    "maxBitDepth": 10,
    "doNotScaleFullColorRange": "transcode"
  },
  {
    "text": "ProRes 422 Standard",
    "encoder": "-c:v prores_ks -profile:v 2 -vendor apl0 -quant_mat hq -bits_per_mb 1350 -pix_fmt yuv422p10le",
    "ext": [
      "mov"
    ],
    "transcode": "aac -b:a 320k -ac 2",
    "os": "windows",
    "minSize": [1,1],
    "maxSize": [16255,16255],
    "maxBitDepth": 10,
    "doNotScaleFullColorRange": "transcode"
  },
  {
    "text": "ProRes 422 Standard",
    "encoder": "-c:v prores_videotoolbox -profile:v standard -pix_fmt p210le -allow_sw 1",
    "ext": [
      "mov"
    ],
    "transcode": "aac -b:a 320k -ac 2",
    "os": "osx",
    "minSize": [2,2],
    "maxSize": [15360,8640]
  },
  {
    "text": "ProRes 422 LT",
    "encoder": "-c:v prores_videotoolbox -profile:v lt -pix_fmt p210le -allow_sw 1",
    "ext": [
      "mov"
    ],
    "transcode": "aac -b:a 320k -ac 2",
    "os": "osx",
    "minSize": [2,2],
    "maxSize": [15360,8640]
  },
  {
    "text": "ProRes 422 HQ",
    "encoder": "-c:v prores_videotoolbox -profile:v hq -pix_fmt p210le -allow_sw 1",
    "ext": [
      "mov"
    ],
    "transcode": "aac -b:a 320k -ac 2",
    "os": "osx",
    "minSize": [2,2],
    "maxSize": [15360,8640]
  },
  {
    "text": "ProRes 4444 XQ",
    "encoder": "-c:v prores_videotoolbox -profile:v xq -pix_fmt p416le -allow_sw 1",
    "ext": [
      "mov"
    ],
    "transcode": "aac -b:a 320k -ac 2",
    "os": "osx",
    "osVersion": 12.0, 
    "minSize": [2,2],
    "maxSize": [15360,8640],
    "doNotScaleFullColorRange": "always"
  },
  {
    "text": "H264 High",
    "encoder": "-c:v h264_videotoolbox -profile:v high -pix_fmt yuv420p -allow_sw 1",
    "ext": [
      "mov",
      "mkv",
      "mp4"
    ],
    "autoBitsPerPixel": "1.0",
    "maxBitRate": 2000,
    "transcode": "aac -b:a 320k -ac 2",
    "os": "osx",
    "minSize": [2,2],
    "maxSize": [7680,4320],
    "doNotScaleFullColorRange": "always"
  },
  {
    "text": "H265 Main",
    "encoder": "-c:v hevc_videotoolbox -profile:v main -tag:v hvc1 -pix_fmt yuv420p -allow_sw 1",
    "ext": [
      "mov",
      "mkv",
      "mp4"
    ],
    "autoBitsPerPixel": "0.8",
    "maxBitRate": 2000,
    "transcode": "aac -b:a 320k -ac 2",
    "os": "osx",
    "minSize": [2,2],
    "maxSize": [15360,8640],
    "doNotScaleFullColorRange": "always"
  },
  {
    "text": "H265 Main10",
    "encoder": "-c:v hevc_videotoolbox -profile:v main10 -tag:v hvc1 -pix_fmt p010le -allow_sw 1",
    "ext": [
      "mov",
      "mkv",
      "mp4"
    ],
    "autoBitsPerPixel": "1.0",
    "maxBitRate": 2000,
    "transcode": "aac -b:a 320k -ac 2",
    "os": "osx",
    "minSize": [2,2],
    "maxSize": [15360,8640]
  },
  {
    "text": "H264 High (AMD)",
    "encoder": "-c:v h264_amf -profile:v high -pix_fmt yuv420p",
    "ext": [
      "mov",
      "mkv",
      "mp4"
    ],
    "maxBitRate": 2000,
    "transcode": "aac -b:a 320k -ac 2",
    "os": "windows",
    "device": "amd|radeon"
  },
  {
    "text": "H265 Main (AMD)",
    "encoder": "-c:v hevc_amf -profile:v main -profile_tier main -pix_fmt yuv420p",
    "ext": [
      "mov",
      "mkv",
      "mp4"
    ],
    "maxBitRate": 2000,
    "transcode": "aac -b:a 320k -ac 2",
    "os": "windows",
    "device": "amd|radeon"
  },
  {
    "text": "H265 High (AMD)",
    "encoder": "-c:v hevc_amf -profile:v main -profile_tier high -pix_fmt yuv420p",
    "ext": [
      "mov",
      "mkv",
      "mp4"
    ],
    "maxBitRate": 2000,
    "transcode": "aac -b:a 320k -ac 2",
    "os": "windows",
    "device": "amd|radeon"
  },
  {
    "text": "H264 High (NVIDIA)",
    "encoder": "-c:v h264_nvenc -profile:v high -preset medium -pix_fmt yuv420p",
    "ext": [
      "mov",
      "mkv",
      "mp4"
    ],
    "maxBitRate": 2000,
    "transcode": "aac -b:a 320k -ac 2",
    "os": "windows",
    "device": "nvidia",
    "minSize": [145,145],
    "maxSize": [4096,4096],
    "maxBitDepth": 8
  },
  {
    "text": "H265 Main (NVIDIA)",
    "encoder": "-c:v hevc_nvenc -profile:v main -preset medium -pix_fmt yuv420p -b_ref_mode disabled -tag:v hvc1",
    "ext": [
      "mov",
      "mkv",
      "mp4"
    ],
    "maxBitRate": 2000,
    "transcode": "aac -b:a 320k -ac 2",
    "os": "windows",
    "device": "nvidia",
    "minSize": [129,129],
    "maxSize": [8192,8192],
    "maxBitDepth": 12
  },
  {
    "text": "H265 Main10 (NVIDIA)",
    "encoder": "-c:v hevc_nvenc -profile:v main10 -preset medium -pix_fmt p010le -b_ref_mode disabled -tag:v hvc1",
    "ext": [
      "mov",
      "mkv",
      "mp4"
    ],
    "maxBitRate": 2000,
    "transcode": "aac -b:a 320k -ac 2",
    "os": "windows",
    "device": "nvidia",
    "minSize": [129,129],
    "maxSize": [8192,8192],
    "maxBitDepth": 12
  },
  {
    "text": "H264 High (INTEL)",
    "encoder": "-c:v h264_qsv -profile:v high -preset medium -max_frame_size 65534 -pix_fmt nv12",
    "ext": [
      "mov",
      "mkv",
      "mp4"
    ],
    "autoBitsPerPixel": "1.0",
    "maxBitRate": 2000,
    "transcode": "aac -b:a 320k -ac 2",
    "os": "windows",
    "device": "intel",
    "minSize": [17,17],
    "maxSize": [3840,2160]
  },
  {
    "text": "H265 Main (INTEL)",
    "encoder": "-c:v hevc_qsv -profile:v main -preset medium -max_frame_size 65534 -pix_fmt nv12",
    "ext": [
      "mov",
      "mkv",
      "mp4"
    ],
    "autoBitsPerPixel": "0.8",
    "maxBitRate": 2000,
    "transcode": "aac -b:a 320k -ac 2",
    "os": "windows",
    "device": "intel",
    "minSize": [1,1],
    "maxSize": [3840,2160]
  },
  {
    "text": "H265 Main10 (INTEL)",
    "encoder": "-c:v hevc_qsv -profile:v main10 -preset medium -max_frame_size 65534 -pix_fmt p010le",
    "ext": [
      "mov",
      "mkv",
      "mp4"
    ],
    "autoBitsPerPixel": "1.0",
    "maxBitRate": 2000,
    "transcode": "aac -b:a 320k -ac 2",
    "os": "windows",
    "device": "intel",
    "minSize": [1,1],
    "maxSize": [3840,2160]
  },
  {
    "text": "AV1 (NVIDIA)",
    "encoder": "-c:v av1_nvenc -preset p4 -tile-columns 2 -tile-rows 2 -pix_fmt yuv420p",
    "ext": [
      "mkv",
      "mp4"
    ],
    "transcode": "aac -b:a 320k -ac 2",
    "os": "windows",
    "device": "nvidia",
    "maxBitRate": 800,
    "minSize": [1,1],
    "maxSize": [16384,8704],
    "maxBitDepth": 12,
    "compute": 809
  },
  {
	"text": "AV1 (INTEL)",
    "encoder": "-c:v av1_qsv -profile:v main -preset 4 -tile_cols 2 -tile_rows 2 -pix_fmt nv12",
    "ext": [
      "mkv",
      "mp4"
    ],
    "maxBitRate": 800,
    "transcode": "aac -b:a 320k -ac 2",
    "os": "windows",
    "device": "arc",
    "minSize": [1,1],
    "maxSize": [16384,8704],
	"maxBitDepth": 12
  },
  {
    "text": "VP9 Good",
    "encoder": "-strict -2 -c:v libvpx-vp9 -pix_fmt yuv420p -row-mt 1 -deadline good",
    "ext": [
      "mp4",
      "webm"
    ],
    "transcode": "vorbis -ac 2",
    "maxBitRate": 2000,
    "minSize": [1,1],
    "maxSize": [8192,8192],
    "maxBitDepth": 12
  },
  {
    "text": "VP9 Best",
    "encoder": "-strict -2 -c:v libvpx-vp9 -pix_fmt yuv420p -row-mt 1 -deadline best",
    "ext": [
      "mp4",
      "webm"
    ],
    "transcode": "vorbis -ac 2",
    "maxBitRate": 2000,
    "minSize": [1,1],
    "maxSize": [8192, 8192],
    "maxBitDepth": 12
  },
  {
    "text": "TIFF Lossless 8bit",
    "encoder": "-c:v tiff -pix_fmt rgb24 -compression_algo deflate",
    "ext": [
      "tiff"
    ],
    "isImage": true
  },
  {
    "text": "TIFF Lossless 16bit",
    "encoder": "-c:v tiff -pix_fmt rgb48le -compression_algo deflate",
    "ext": [
      "tiff"
    ],
    "isImage": true
  },
  {
    "text": "PNG 8bit",
    "encoder": "-c:v png -pix_fmt rgb24",
    "ext": [
      "png"
    ],
    "isImage": true
  },
  {
    "text": "PNG 16bit",
    "encoder": "-c:v png -pix_fmt rgb48be",
    "ext": [
      "png"
    ],
    "isImage": true
  },
  {
    "text": "JPEG 8bit",
    "encoder": "-pix_fmt rgb24 -q:v 2",
    "ext": [
      "jpg"
    ],
    "isImage": true
  },
  {
    "text": "EXR",
    "encoder": "-q:v 2",
    "ext": [
      "exr"
    ],
    "isImage": true
  }
]
